axis;index;value
horizontal_y;0;4
horizontal_y;1;6
horizontal_y;2;8
horizontal_y;3;7
horizontal_y;4;7
horizontal_y;5;8
horizontal_y;6;0
horizontal_y;7;0
horizontal_y;8;0
horizontal_y;9;637
horizontal_y;10;436
horizontal_y;11;332
horizontal_y;12;296
horizontal_y;13;290
horizontal_y;14;293
horizontal_y;15;294
horizontal_y;16;291
horizontal_y;17;290
horizontal_y;18;295
horizontal_y;19;304
horizontal_y;20;346
horizontal_y;21;403
horizontal_y;22;342
horizontal_y;23;305
horizontal_y;24;361
horizontal_y;25;298
horizontal_y;26;290
horizontal_y;27;291
horizontal_y;28;297
horizontal_y;29;298
horizontal_y;30;305
horizontal_y;31;325
horizontal_y;32;436
horizontal_y;33;735
horizontal_y;34;28
horizontal_y;35;19
horizontal_y;36;14
horizontal_y;37;13
horizontal_y;38;9
horizontal_y;39;8
horizontal_y;40;5
vertical_x;0;7
vertical_x;1;11
vertical_x;2;15
vertical_x;3;17
vertical_x;4;19
vertical_x;5;8
vertical_x;6;7
vertical_x;7;4
vertical_x;8;3
vertical_x;9;4
vertical_x;10;4
vertical_x;11;2
vertical_x;12;2
vertical_x;13;2
vertical_x;14;4
vertical_x;15;4
vertical_x;16;4
vertical_x;17;5
vertical_x;18;6
vertical_x;19;11
vertical_x;20;19
vertical_x;21;17
vertical_x;22;13
vertical_x;23;9
vertical_x;24;0
vertical_x;25;0
vertical_x;26;0
vertical_x;27;6
vertical_x;28;12
vertical_x;29;15
vertical_x;30;17
vertical_x;31;19
vertical_x;32;10
vertical_x;33;7
vertical_x;34;5
vertical_x;35;5
vertical_x;36;4
vertical_x;37;4
vertical_x;38;3
vertical_x;39;3
vertical_x;40;3
vertical_x;41;3
vertical_x;42;4
vertical_x;43;2
vertical_x;44;4
vertical_x;45;2
vertical_x;46;3
vertical_x;47;7
vertical_x;48;9
vertical_x;49;0
vertical_x;50;0
vertical_x;51;2
vertical_x;52;2
vertical_x;53;2
vertical_x;54;4
vertical_x;55;25
vertical_x;56;25
vertical_x;57;25
vertical_x;58;25
vertical_x;59;4
vertical_x;60;3
vertical_x;61;3
vertical_x;62;4
vertical_x;63;4
vertical_x;64;6
vertical_x;65;7
vertical_x;66;10
vertical_x;67;12
vertical_x;68;10
vertical_x;69;8
vertical_x;70;4
vertical_x;71;0
vertical_x;72;2
vertical_x;73;2
vertical_x;74;4
vertical_x;75;25
vertical_x;76;25
vertical_x;77;25
vertical_x;78;25
vertical_x;79;4
vertical_x;80;2
vertical_x;81;2
vertical_x;82;0
vertical_x;83;0
vertical_x;84;0
vertical_x;85;0
vertical_x;86;0
vertical_x;87;0
vertical_x;88;0
vertical_x;89;0
vertical_x;90;0
vertical_x;91;0
vertical_x;92;0
vertical_x;93;3
vertical_x;94;5
vertical_x;95;6
vertical_x;96;5
vertical_x;97;7
vertical_x;98;8
vertical_x;99;10
vertical_x;100;11
vertical_x;101;11
vertical_x;102;9
vertical_x;103;7
vertical_x;104;7
vertical_x;105;4
vertical_x;106;4
vertical_x;107;25
vertical_x;108;25
vertical_x;109;25
vertical_x;110;25
vertical_x;111;5
vertical_x;112;4
vertical_x;113;5
vertical_x;114;7
vertical_x;115;7
vertical_x;116;10
vertical_x;117;13
vertical_x;118;11
vertical_x;119;8
vertical_x;120;8
vertical_x;121;6
vertical_x;122;5
vertical_x;123;6
vertical_x;124;3
vertical_x;125;1
vertical_x;126;0
vertical_x;127;1
vertical_x;128;2
vertical_x;129;2
vertical_x;130;3
vertical_x;131;6
vertical_x;132;7
vertical_x;133;9
vertical_x;134;11
vertical_x;135;10
vertical_x;136;10
vertical_x;137;9
vertical_x;138;16
vertical_x;139;14
vertical_x;140;13
vertical_x;141;14
vertical_x;142;5
vertical_x;143;5
vertical_x;144;7
vertical_x;145;5
vertical_x;146;7
vertical_x;147;6
vertical_x;148;3
vertical_x;149;2
vertical_x;150;2
vertical_x;151;1
vertical_x;152;1
vertical_x;153;0
vertical_x;154;2
vertical_x;155;2
vertical_x;156;3
vertical_x;157;25
vertical_x;158;25
vertical_x;159;7
vertical_x;160;9
vertical_x;161;10
vertical_x;162;9
vertical_x;163;8
vertical_x;164;9
vertical_x;165;9
vertical_x;166;9
vertical_x;167;8
vertical_x;168;8
vertical_x;169;5
vertical_x;170;4
vertical_x;171;5
vertical_x;172;4
vertical_x;173;4
vertical_x;174;4
vertical_x;175;6
vertical_x;176;5
vertical_x;177;6
vertical_x;178;25
vertical_x;179;25
vertical_x;180;25
vertical_x;181;25
vertical_x;182;4
vertical_x;183;2
vertical_x;184;2
vertical_x;185;2
vertical_x;186;0
vertical_x;187;2
vertical_x;188;10
vertical_x;189;14
vertical_x;190;17
vertical_x;191;19
vertical_x;192;10
vertical_x;193;7
vertical_x;194;6
vertical_x;195;5
vertical_x;196;5
vertical_x;197;4
vertical_x;198;4
vertical_x;199;3
vertical_x;200;3
vertical_x;201;3
vertical_x;202;4
vertical_x;203;2
vertical_x;204;2
vertical_x;205;2
vertical_x;206;4
vertical_x;207;7
vertical_x;208;9
vertical_x;209;1
vertical_x;210;0
vertical_x;211;1
vertical_x;212;1
vertical_x;213;2
vertical_x;214;3
vertical_x;215;5
vertical_x;216;7
vertical_x;217;5
vertical_x;218;5
vertical_x;219;5
vertical_x;220;5
vertical_x;221;5
vertical_x;222;5
vertical_x;223;6
vertical_x;224;9
vertical_x;225;10
vertical_x;226;10
vertical_x;227;10
vertical_x;228;10
vertical_x;229;10
vertical_x;230;12
vertical_x;231;9
vertical_x;232;7
vertical_x;233;5
vertical_x;234;3
vertical_x;235;2
vertical_x;236;1
vertical_x;237;1
vertical_x;238;0
vertical_x;239;2
vertical_x;240;2
vertical_x;241;4
vertical_x;242;25
vertical_x;243;25
vertical_x;244;25
vertical_x;245;25
vertical_x;246;5
vertical_x;247;3
vertical_x;248;4
vertical_x;249;6
vertical_x;250;6
vertical_x;251;7
vertical_x;252;8
vertical_x;253;11
vertical_x;254;11
vertical_x;255;9
vertical_x;256;9
vertical_x;257;7
vertical_x;258;7
vertical_x;259;7
vertical_x;260;7
vertical_x;261;7
vertical_x;262;8
vertical_x;263;0
vertical_x;264;0
vertical_x;265;0
vertical_x;266;0
vertical_x;267;0
vertical_x;268;0
vertical_x;269;0
vertical_x;270;0
vertical_x;271;0
vertical_x;272;0
vertical_x;273;0
vertical_x;274;7
vertical_x;275;10
vertical_x;276;12
vertical_x;277;14
vertical_x;278;7
vertical_x;279;4
vertical_x;280;4
vertical_x;281;4
vertical_x;282;4
vertical_x;283;4
vertical_x;284;5
vertical_x;285;25
vertical_x;286;25
vertical_x;287;25
vertical_x;288;25
vertical_x;289;6
vertical_x;290;4
vertical_x;291;4
vertical_x;292;6
vertical_x;293;4
vertical_x;294;4
vertical_x;295;6
vertical_x;296;10
vertical_x;297;14
vertical_x;298;12
vertical_x;299;8
vertical_x;300;0
vertical_x;301;0
vertical_x;302;2
vertical_x;303;2
vertical_x;304;2
vertical_x;305;4
vertical_x;306;25
vertical_x;307;25
vertical_x;308;25
vertical_x;309;25
vertical_x;310;6
vertical_x;311;4
vertical_x;312;4
vertical_x;313;3
vertical_x;314;4
vertical_x;315;6
vertical_x;316;7
vertical_x;317;12
vertical_x;318;11
vertical_x;319;9
vertical_x;320;7
vertical_x;321;0
vertical_x;322;0
vertical_x;323;1
vertical_x;324;1
vertical_x;325;2
vertical_x;326;4
vertical_x;327;6
vertical_x;328;6
vertical_x;329;5
vertical_x;330;5
vertical_x;331;5
vertical_x;332;5
vertical_x;333;5
vertical_x;334;5
vertical_x;335;8
vertical_x;336;10
vertical_x;337;9
vertical_x;338;10
vertical_x;339;10
vertical_x;340;9
vertical_x;341;11
vertical_x;342;11
vertical_x;343;8
vertical_x;344;6
vertical_x;345;4
vertical_x;346;2
vertical_x;347;1
vertical_x;348;1
vertical_x;349;0
vertical_x;350;2
vertical_x;351;2
vertical_x;352;2
vertical_x;353;4
vertical_x;354;25
vertical_x;355;25
vertical_x;356;25
vertical_x;357;10
vertical_x;358;3
vertical_x;359;3
vertical_x;360;3
vertical_x;361;1
vertical_x;362;1
vertical_x;363;1
vertical_x;364;1
vertical_x;365;3
vertical_x;366;3
vertical_x;367;3
vertical_x;368;8
vertical_x;369;25
vertical_x;370;25
vertical_x;371;25
vertical_x;372;4
vertical_x;373;2
vertical_x;374;2
vertical_x;375;2
vertical_x;376;0
vertical_x;377;2
vertical_x;378;2
vertical_x;379;2
vertical_x;380;4
vertical_x;381;25
vertical_x;382;25
vertical_x;383;25
vertical_x;384;25
vertical_x;385;3
vertical_x;386;2
vertical_x;387;2
vertical_x;388;1
vertical_x;389;1
vertical_x;390;1
vertical_x;391;1
vertical_x;392;2
vertical_x;393;2
vertical_x;394;2
vertical_x;395;5
vertical_x;396;25
vertical_x;397;26
vertical_x;398;26
vertical_x;399;8
vertical_x;400;5
vertical_x;401;7
vertical_x;402;9
vertical_x;403;0
vertical_x;404;1
vertical_x;405;2
vertical_x;406;2
vertical_x;407;4
vertical_x;408;5
vertical_x;409;9
vertical_x;410;13
vertical_x;411;12
vertical_x;412;11
vertical_x;413;11
vertical_x;414;9
vertical_x;415;10
vertical_x;416;10
vertical_x;417;7
vertical_x;418;5
vertical_x;419;5
vertical_x;420;4
vertical_x;421;5
vertical_x;422;6
vertical_x;423;7
vertical_x;424;6
vertical_x;425;4
vertical_x;426;2
vertical_x;427;2
vertical_x;428;1
vertical_x;429;0
vertical_x;430;0
vertical_x;431;2
vertical_x;432;9
vertical_x;433;4
vertical_x;434;4
vertical_x;435;3
vertical_x;436;5
vertical_x;437;5
vertical_x;438;6
vertical_x;439;7
vertical_x;440;8
vertical_x;441;11
vertical_x;442;15
vertical_x;443;22
vertical_x;444;18
vertical_x;445;14
vertical_x;446;8
vertical_x;447;0
vertical_x;448;0
vertical_x;449;0
vertical_x;450;0
vertical_x;451;0
vertical_x;452;0
vertical_x;453;0
vertical_x;454;0
vertical_x;455;0
vertical_x;456;0
vertical_x;457;0
vertical_x;458;0
vertical_x;459;7
vertical_x;460;11
vertical_x;461;15
vertical_x;462;17
vertical_x;463;19
vertical_x;464;8
vertical_x;465;7
vertical_x;466;4
vertical_x;467;3
vertical_x;468;4
vertical_x;469;4
vertical_x;470;2
vertical_x;471;2
vertical_x;472;2
vertical_x;473;4
vertical_x;474;4
vertical_x;475;4
vertical_x;476;5
vertical_x;477;6
vertical_x;478;11
vertical_x;479;19
vertical_x;480;17
vertical_x;481;13
vertical_x;482;9
vertical_x;483;0
vertical_x;484;0
vertical_x;485;2
vertical_x;486;2
vertical_x;487;2
vertical_x;488;4
vertical_x;489;25
vertical_x;490;25
vertical_x;491;25
vertical_x;492;25
vertical_x;493;6
vertical_x;494;4
vertical_x;495;4
vertical_x;496;3
vertical_x;497;4
vertical_x;498;6
vertical_x;499;7
vertical_x;500;12
vertical_x;501;11
vertical_x;502;9
vertical_x;503;7
vertical_x;504;0
vertical_x;505;0
vertical_x;506;1
vertical_x;507;1
vertical_x;508;2
vertical_x;509;4
vertical_x;510;6
vertical_x;511;6
vertical_x;512;5
vertical_x;513;5
vertical_x;514;5
vertical_x;515;5
vertical_x;516;5
vertical_x;517;5
vertical_x;518;8
vertical_x;519;10
vertical_x;520;9
vertical_x;521;10
vertical_x;522;10
vertical_x;523;9
vertical_x;524;11
vertical_x;525;11
vertical_x;526;8
vertical_x;527;6
vertical_x;528;4
vertical_x;529;2
vertical_x;530;1
vertical_x;531;1
vertical_x;532;0
vertical_x;533;2
vertical_x;534;2
vertical_x;535;2
vertical_x;536;4
vertical_x;537;25
vertical_x;538;25
vertical_x;539;8
vertical_x;540;10
vertical_x;541;10
vertical_x;542;8
vertical_x;543;8
vertical_x;544;9
vertical_x;545;9
vertical_x;546;9
vertical_x;547;8
vertical_x;548;7
vertical_x;549;4
vertical_x;550;5
vertical_x;551;4
vertical_x;552;4
vertical_x;553;4
vertical_x;554;5
vertical_x;555;6
vertical_x;556;5
vertical_x;557;6
vertical_x;558;25
vertical_x;559;25
vertical_x;560;25
vertical_x;561;25
vertical_x;562;2
vertical_x;563;2
vertical_x;564;2
vertical_x;565;0
vertical_x;566;8
vertical_x;567;7
vertical_x;568;6
vertical_x;569;4
vertical_x;570;6
vertical_x;571;7
vertical_x;572;7
vertical_x;573;10
vertical_x;574;18
vertical_x;575;13
vertical_x;576;3
vertical_x;577;2
vertical_x;578;2
vertical_x;579;2
vertical_x;580;2
vertical_x;581;2
vertical_x;582;3
vertical_x;583;25
vertical_x;584;25
vertical_x;585;26
vertical_x;586;26
vertical_x;587;6
vertical_x;588;6
vertical_x;589;8
vertical_x;590;9
vertical_x;591;0
vertical_x;592;1
vertical_x;593;2
vertical_x;594;3
vertical_x;595;5
vertical_x;596;7
vertical_x;597;6
vertical_x;598;5
vertical_x;599;6
vertical_x;600;5
vertical_x;601;5
vertical_x;602;6
vertical_x;603;5
vertical_x;604;8
vertical_x;605;10
vertical_x;606;10
vertical_x;607;9
vertical_x;608;10
vertical_x;609;10
vertical_x;610;12
vertical_x;611;10
vertical_x;612;8
vertical_x;613;5
vertical_x;614;3
vertical_x;615;2
vertical_x;616;1
vertical_x;617;1
vertical_x;618;0
vertical_x;619;2
vertical_x;620;2
vertical_x;621;4
vertical_x;622;25
vertical_x;623;25
vertical_x;624;25
vertical_x;625;25
vertical_x;626;6
vertical_x;627;4
vertical_x;628;4
vertical_x;629;3
vertical_x;630;4
vertical_x;631;5
vertical_x;632;8
vertical_x;633;12
vertical_x;634;12
vertical_x;635;10
vertical_x;636;8
vertical_x;637;3
vertical_x;638;0
vertical_x;639;0
vertical_x;640;2
vertical_x;641;2
vertical_x;642;4
vertical_x;643;25
vertical_x;644;25
vertical_x;645;25
vertical_x;646;25
vertical_x;647;5
vertical_x;648;3
vertical_x;649;3
vertical_x;650;4
vertical_x;651;4
vertical_x;652;4
vertical_x;653;6
vertical_x;654;7
vertical_x;655;12
vertical_x;656;12
vertical_x;657;10
vertical_x;658;6
vertical_x;659;0
vertical_x;660;2
vertical_x;661;2
vertical_x;662;2
vertical_x;663;4
vertical_x;664;25
vertical_x;665;25
vertical_x;666;25
vertical_x;667;6
vertical_x;668;2
vertical_x;669;2
vertical_x;670;2
vertical_x;671;0
vertical_x;672;2
vertical_x;673;2
vertical_x;674;2
vertical_x;675;4
vertical_x;676;25
vertical_x;677;25
vertical_x;678;25
vertical_x;679;10
vertical_x;680;3
vertical_x;681;3
vertical_x;682;3
vertical_x;683;1
vertical_x;684;1
vertical_x;685;1
vertical_x;686;1
vertical_x;687;3
vertical_x;688;3
vertical_x;689;3
vertical_x;690;8
vertical_x;691;25
vertical_x;692;25
vertical_x;693;25
vertical_x;694;4
vertical_x;695;2
vertical_x;696;2
vertical_x;697;2
vertical_x;698;0
vertical_x;699;0
vertical_x;700;0
vertical_x;701;0
vertical_x;702;0
vertical_x;703;0
vertical_x;704;0
vertical_x;705;0
vertical_x;706;0
vertical_x;707;0
vertical_x;708;0
vertical_x;709;2
vertical_x;710;2
vertical_x;711;4
vertical_x;712;25
vertical_x;713;25
vertical_x;714;25
vertical_x;715;25
vertical_x;716;6
vertical_x;717;4
vertical_x;718;5
vertical_x;719;5
vertical_x;720;6
vertical_x;721;8
vertical_x;722;10
vertical_x;723;9
vertical_x;724;10
vertical_x;725;8
vertical_x;726;8
vertical_x;727;7
vertical_x;728;6
vertical_x;729;6
vertical_x;730;4
vertical_x;731;2
vertical_x;732;1
vertical_x;733;0
vertical_x;734;5
vertical_x;735;11
vertical_x;736;15
vertical_x;737;17
vertical_x;738;19
vertical_x;739;9
vertical_x;740;7
vertical_x;741;5
vertical_x;742;4
vertical_x;743;5
vertical_x;744;3
vertical_x;745;3
vertical_x;746;3
vertical_x;747;3
vertical_x;748;3
vertical_x;749;5
vertical_x;750;3
vertical_x;751;5
vertical_x;752;8
vertical_x;753;11
vertical_x;754;19
vertical_x;755;17
vertical_x;756;14
vertical_x;757;10
vertical_x;758;0
vertical_x;759;0
vertical_x;760;2
vertical_x;761;2
vertical_x;762;2
vertical_x;763;4
vertical_x;764;25
vertical_x;765;25
vertical_x;766;25
vertical_x;767;25
vertical_x;768;3
vertical_x;769;3
vertical_x;770;3
vertical_x;771;5
vertical_x;772;5
vertical_x;773;7
vertical_x;774;9
vertical_x;775;12
vertical_x;776;15
vertical_x;777;15
vertical_x;778;8
vertical_x;779;4
vertical_x;780;0
vertical_x;781;0
vertical_x;782;2
vertical_x;783;2
vertical_x;784;2
vertical_x;785;6
vertical_x;786;25
vertical_x;787;25
vertical_x;788;25
vertical_x;789;4
vertical_x;790;2
vertical_x;791;2
vertical_x;792;2
vertical_x;793;0
vertical_x;794;2
vertical_x;795;2
vertical_x;796;2
vertical_x;797;4
vertical_x;798;25
vertical_x;799;25
vertical_x;800;25
vertical_x;801;7
vertical_x;802;5
vertical_x;803;4
vertical_x;804;4
vertical_x;805;4
vertical_x;806;4
vertical_x;807;6
vertical_x;808;9
vertical_x;809;12
vertical_x;810;11
vertical_x;811;9
vertical_x;812;6
vertical_x;813;0
vertical_x;814;0
vertical_x;815;2
vertical_x;816;2
vertical_x;817;2
vertical_x;818;4
vertical_x;819;25
vertical_x;820;25
vertical_x;821;25
vertical_x;822;6
vertical_x;823;3
vertical_x;824;3
vertical_x;825;3
vertical_x;826;3
vertical_x;827;3
vertical_x;828;3
vertical_x;829;4
vertical_x;830;5
vertical_x;831;12
vertical_x;832;4
vertical_x;833;8
vertical_x;834;3
vertical_x;835;2
vertical_x;836;0
vertical_x;837;0
vertical_x;838;2
vertical_x;839;2
vertical_x;840;4
vertical_x;841;25
vertical_x;842;25
vertical_x;843;25
vertical_x;844;25
vertical_x;845;6
vertical_x;846;4
vertical_x;847;4
vertical_x;848;7
vertical_x;849;7
vertical_x;850;8
vertical_x;851;9
vertical_x;852;11
vertical_x;853;10
vertical_x;854;9
vertical_x;855;9
vertical_x;856;7
vertical_x;857;6
vertical_x;858;6
vertical_x;859;6
vertical_x;860;3
vertical_x;861;1
vertical_x;862;0
vertical_x;863;0
vertical_x;864;0
vertical_x;865;0
vertical_x;866;0
vertical_x;867;0
vertical_x;868;0
vertical_x;869;0
vertical_x;870;0
vertical_x;871;0
vertical_x;872;3
vertical_x;873;5
vertical_x;874;6
vertical_x;875;6
vertical_x;876;7
vertical_x;877;8
vertical_x;878;9
vertical_x;879;12
vertical_x;880;12
vertical_x;881;9
vertical_x;882;6
vertical_x;883;5
vertical_x;884;4
vertical_x;885;5
vertical_x;886;25
vertical_x;887;25
vertical_x;888;25
vertical_x;889;25
vertical_x;890;5
vertical_x;891;4
vertical_x;892;5
vertical_x;893;6
vertical_x;894;9
vertical_x;895;11
vertical_x;896;11
vertical_x;897;10
vertical_x;898;8
vertical_x;899;7
vertical_x;900;6
vertical_x;901;6
vertical_x;902;6
vertical_x;903;3
vertical_x;904;0
vertical_x;905;0
vertical_x;906;2
vertical_x;907;2
vertical_x;908;4
vertical_x;909;25
vertical_x;910;25
vertical_x;911;25
vertical_x;912;25
vertical_x;913;4
vertical_x;914;3
vertical_x;915;3
vertical_x;916;3
vertical_x;917;3
vertical_x;918;3
vertical_x;919;3
vertical_x;920;4
vertical_x;921;7
vertical_x;922;12
vertical_x;923;6
vertical_x;924;9
vertical_x;925;3
vertical_x;926;1
vertical_x;927;0
vertical_x;928;2
vertical_x;929;2
vertical_x;930;2
vertical_x;931;4
vertical_x;932;25
vertical_x;933;25
vertical_x;934;25
vertical_x;935;25
vertical_x;936;3
vertical_x;937;2
vertical_x;938;2
vertical_x;939;1
vertical_x;940;1
vertical_x;941;1
vertical_x;942;1
vertical_x;943;2
vertical_x;944;2
vertical_x;945;2
vertical_x;946;5
vertical_x;947;25
vertical_x;948;25
vertical_x;949;25
vertical_x;950;6
vertical_x;951;2
vertical_x;952;2
vertical_x;953;2
vertical_x;954;0
vertical_x;955;0
vertical_x;956;0
vertical_x;957;0
vertical_x;958;0
vertical_x;959;0
vertical_x;960;0
vertical_x;961;0
vertical_x;962;0
vertical_x;963;0
vertical_x;964;0
vertical_x;965;2
vertical_x;966;2
vertical_x;967;4
vertical_x;968;25
vertical_x;969;25
vertical_x;970;25
vertical_x;971;25
vertical_x;972;3
vertical_x;973;2
vertical_x;974;2
vertical_x;975;1
vertical_x;976;1
vertical_x;977;1
vertical_x;978;2
vertical_x;979;2
vertical_x;980;4
vertical_x;981;25
vertical_x;982;25
vertical_x;983;25
vertical_x;984;25
vertical_x;985;3
vertical_x;986;2
vertical_x;987;1
vertical_x;988;1
vertical_x;989;1
vertical_x;990;1
vertical_x;991;2
vertical_x;992;2
vertical_x;993;5
vertical_x;994;25
vertical_x;995;25
vertical_x;996;25
vertical_x;997;4
vertical_x;998;2
vertical_x;999;2
vertical_x;1000;0
vertical_x;1001;0
vertical_x;1002;1
vertical_x;1003;1
vertical_x;1004;2
vertical_x;1005;4
vertical_x;1006;6
vertical_x;1007;6
vertical_x;1008;5
vertical_x;1009;5
vertical_x;1010;5
vertical_x;1011;5
vertical_x;1012;5
vertical_x;1013;5
vertical_x;1014;8
vertical_x;1015;10
vertical_x;1016;9
vertical_x;1017;10
vertical_x;1018;10
vertical_x;1019;9
vertical_x;1020;11
vertical_x;1021;11
vertical_x;1022;8
vertical_x;1023;6
vertical_x;1024;4
vertical_x;1025;2
vertical_x;1026;1
vertical_x;1027;1
vertical_x;1028;0
vertical_x;1029;2
vertical_x;1030;2
vertical_x;1031;2
vertical_x;1032;4
vertical_x;1033;25
vertical_x;1034;25
vertical_x;1035;27
vertical_x;1036;29
vertical_x;1037;10
vertical_x;1038;8
vertical_x;1039;6
vertical_x;1040;3
vertical_x;1041;3
vertical_x;1042;3
vertical_x;1043;3
vertical_x;1044;5
vertical_x;1045;8
vertical_x;1046;8
vertical_x;1047;12
vertical_x;1048;29
vertical_x;1049;25
vertical_x;1050;25
vertical_x;1051;6
vertical_x;1052;2
vertical_x;1053;2
vertical_x;1054;2
vertical_x;1055;0
vertical_x;1056;0
vertical_x;1057;0
vertical_x;1058;0
vertical_x;1059;0
vertical_x;1060;0
vertical_x;1061;0
vertical_x;1062;0
vertical_x;1063;0
vertical_x;1064;0
vertical_x;1065;0
vertical_x;1066;2
vertical_x;1067;2
vertical_x;1068;4
vertical_x;1069;25
vertical_x;1070;25
vertical_x;1071;25
vertical_x;1072;25
vertical_x;1073;4
vertical_x;1074;2
vertical_x;1075;2
vertical_x;1076;2
vertical_x;1077;0
vertical_x;1078;2
vertical_x;1079;2
vertical_x;1080;2
vertical_x;1081;6
vertical_x;1082;25
vertical_x;1083;25
vertical_x;1084;25
vertical_x;1085;4
vertical_x;1086;2
vertical_x;1087;2
vertical_x;1088;1
vertical_x;1089;1
vertical_x;1090;1
vertical_x;1091;1
vertical_x;1092;2
vertical_x;1093;3
vertical_x;1094;25
vertical_x;1095;25
vertical_x;1096;25
vertical_x;1097;25
vertical_x;1098;4
vertical_x;1099;2
vertical_x;1100;2
vertical_x;1101;1
vertical_x;1102;1
vertical_x;1103;1
vertical_x;1104;2
vertical_x;1105;2
vertical_x;1106;3
vertical_x;1107;25
vertical_x;1108;25
vertical_x;1109;25
vertical_x;1110;25
vertical_x;1111;4
vertical_x;1112;2
vertical_x;1113;2
vertical_x;1114;0
vertical_x;1115;0
vertical_x;1116;2
vertical_x;1117;2
vertical_x;1118;4
vertical_x;1119;25
vertical_x;1120;25
vertical_x;1121;25
vertical_x;1122;25
vertical_x;1123;4
vertical_x;1124;2
vertical_x;1125;2
vertical_x;1126;2
vertical_x;1127;0
vertical_x;1128;2
vertical_x;1129;2
vertical_x;1130;2
vertical_x;1131;25
vertical_x;1132;25
vertical_x;1133;25
vertical_x;1134;25
vertical_x;1135;5
vertical_x;1136;3
vertical_x;1137;3
vertical_x;1138;3
vertical_x;1139;1
vertical_x;1140;1
vertical_x;1141;1
vertical_x;1142;1
vertical_x;1143;3
vertical_x;1144;3
vertical_x;1145;3
vertical_x;1146;25
vertical_x;1147;25
vertical_x;1148;26
vertical_x;1149;26
vertical_x;1150;6
vertical_x;1151;6
vertical_x;1152;8
vertical_x;1153;9
vertical_x;1154;0
vertical_x;1155;2
vertical_x;1156;2
vertical_x;1157;2
vertical_x;1158;4
vertical_x;1159;25
vertical_x;1160;25
vertical_x;1161;25
vertical_x;1162;25
vertical_x;1163;2
vertical_x;1164;2
vertical_x;1165;2
vertical_x;1166;0
vertical_x;1167;0
vertical_x;1168;2
vertical_x;1169;9
vertical_x;1170;4
vertical_x;1171;4
vertical_x;1172;3
vertical_x;1173;5
vertical_x;1174;5
vertical_x;1175;6
vertical_x;1176;7
vertical_x;1177;8
vertical_x;1178;11
vertical_x;1179;15
vertical_x;1180;22
vertical_x;1181;18
vertical_x;1182;14
vertical_x;1183;8
